zipcode1,zipcode2,distance (mi)
02142,02110,1.6097259619798014
02142,22101,397.6054879532064
02142,78572,1900.9475862613676
